<?xml version="1.0" encoding="UTF-8" standalone="no"?>
<project>
	<configuration id="com.zds.obp.project.config.debug.exe.1577839391" name="Debug">
		<extension point="org.eclipse.cdt.core.LanguageSettingsProvider">
			<provider copy-of="extension" id="org.eclipse.cdt.ui.UserLanguageSettingsProvider"/>
			<provider-reference id="org.eclipse.cdt.core.ReferencedProjectsLanguageSettingsProvider" ref="shared-provider"/>
			<provider-reference id="org.eclipse.cdt.managedbuilder.core.MBSLanguageSettingsProvider" ref="shared-provider"/>
			<provider class="com.zds.obp.project.internal.build.CrossGCCBuiltinSpecsDetector" console="false" env-hash="-302977199352597621" id="com.zds.obp.project.CrossGCCBuiltinSpecsDetector" keep-relative-paths="false" name="OBPBuiltinSpecsDetector" parameter="${COMMAND} ${FLAGS} -E -P -v -dD &quot;${INPUTS}&quot;" prefer-non-shared="true">
				<language-scope id="org.eclipse.cdt.core.gcc"/>
				<language-scope id="org.eclipse.cdt.core.g++"/>
			</provider>
		</extension>
	</configuration>
	<configuration id="com.zds.obp.project.config.release.exe.1432624859" name="Release">
		<extension point="org.eclipse.cdt.core.LanguageSettingsProvider">
			<provider copy-of="extension" id="org.eclipse.cdt.ui.UserLanguageSettingsProvider"/>
			<provider-reference id="org.eclipse.cdt.core.ReferencedProjectsLanguageSettingsProvider" ref="shared-provider"/>
			<provider-reference id="org.eclipse.cdt.managedbuilder.core.MBSLanguageSettingsProvider" ref="shared-provider"/>
			<provider class="com.zds.obp.project.internal.build.CrossGCCBuiltinSpecsDetector" console="false" env-hash="-302977199352597621" id="com.zds.obp.project.CrossGCCBuiltinSpecsDetector" keep-relative-paths="false" name="OBPBuiltinSpecsDetector" parameter="${COMMAND} ${FLAGS} -E -P -v -dD &quot;${INPUTS}&quot;" prefer-non-shared="true">
				<language-scope id="org.eclipse.cdt.core.gcc"/>
				<language-scope id="org.eclipse.cdt.core.g++"/>
			</provider>
		</extension>
	</configuration>
</project>
